{
  "n": 24,
  "median": 12.595201850053854,
  "mean": 11.684049949986123,
  "min": 5.433358100010082,
  "max": 16.260145899956115,
  "p90": 14.896368299960159,
  "groups_per_scenario": 22.257142857142856,
  "latencies": [
    14.089759399998002,
    16.260145899956115,
    9.679474300006405,
    8.915290100034326,
    7.121592499897815,
    8.367431099992245,
    15.048543599899858,
    14.821561499964446,
    15.901839299942367,
    7.901372799999081,
    14.093412899994291,
    14.217546200030483,
    12.92281510005705,
    14.896368299960159,
    10.056630300008692,
    5.433358100010082,
    12.267588600050658,
    7.389929199940525,
    9.584601699956693,
    11.955086200032383,
    13.340336699970067,
    13.638313599978574,
    13.510311800055206,
    9.003889599931426
  ],
  "model": "models/gemini-2.5-flash"
}