{
  "SCOPE": {
    "0.1": [
      0.44762
    ],
    "0.25": [
      0.48809714285714284
    ],
    "0.5": [
      0.4380942857142857
    ]
  }
}